structure_type,infill_pattern,design_param_numeric,design_param_relative,compressive_strength_mean,compressive_strength_std,n_readings,target_real,target_predicted
triply_periodic,triply_periodic,24,0.0,1.3552773030630212,0.368616852869144,22324,2.5304162201037905,2.1062849233609198
honeycomb,honeycomb,36,0.0,0.9997638011905414,0.6517498133865518,2276,1.7784320359002952,2.8818463564584134
honeycomb,honeycomb,67,1.0,5.805257804913762,3.160389956487814,3766,8.85231678377712,9.02306339230593
honeycomb,honeycomb,67,1.0,6.684463122743335,2.67000819747442,3878,8.715754479617145,9.012870417033099
honeycomb,honeycomb,36,0.0,0.9373990871677668,0.5972302371381002,2420,1.720132533482143,1.9222974632842684
triply_periodic,triply_periodic,37,0.619,2.8814409533952072,2.693659576208802,1547,7.120431857638889,6.7736565121467756
honeycomb,honeycomb,44,0.2581,1.886216684130404,0.6064259657257155,14995,2.962308585322276,3.165238942368463
