,Missing,Pct
unnamed:_8,169512,99.89745765708426
raw_data.1,166775,98.28447838949589
raw_data.2,161810,95.35848567353818
unnamed:_7,47352,27.905661044517522
raw_data,10822,6.377662270311045
